{
  "rebuild_date": "2025-09-13T19:03:31.890189",
  "total_memories": 17050,
  "main_embeddings": 17050,
  "who": 17050,
  "where": 17050,
  "when": 17050,
  "what": 17050,
  "why": 17039,
  "how": 17049,
  "missing_embeddings": 0,
  "errors": 0,
  "total_time_seconds": 8739.187011241913,
  "memories_per_second": 1.9509823943654285
}